Codon      ;   Partition    ;       S        ;       N        ;       dS       ;       dN       ;Selection detected?
2;1;2.000;     0.000      ;3.754;     0.000      ;  Neg. p = 0.032   
5;1;2.000;     0.000      ;3.905;     0.000      ;  Neg. p = 0.042   
14;1;5.000;     0.000      ;6.913;     0.000      ;  Neg. p = 0.001   
15;1;7.000;     0.000      ;4.885;     0.000      ;  Neg. p = 0.006   
17;1;2.000;     0.000      ;2.611;     0.000      ;  Neg. p = 0.073   
18;1;3.000;1.000;4.718;     0.449      ;  Neg. p = 0.037   
25;1;6.000;     0.000      ;4.069;     0.000      ;  Neg. p = 0.014   
28;1;2.000;     0.000      ;3.909;     0.000      ;  Neg. p = 0.029   
30;1;3.000;     0.000      ;3.000;     0.000      ;  Neg. p = 0.038   
32;1;3.000;     0.000      ;3.953;     0.000      ;  Neg. p = 0.018   
34;1;     0.000      ;10.000;     0.000      ;5.061;  Pos. p = 0.025   
35;1;6.000;     0.000      ;8.184;     0.000      ;  Neg. p = 0.000   
42;1;3.000;     0.000      ;5.867;     0.000      ;  Neg. p = 0.005   
43;1;3.000;     0.000      ;5.855;     0.000      ;  Neg. p = 0.005   
53;1;4.000;     0.000      ;4.000;     0.000      ;  Neg. p = 0.014   
54;1;8.000;1.000;8.291;     0.493      ;  Neg. p = 0.001   
56;1;4.000;     0.000      ;7.930;     0.000      ;  Neg. p = 0.001   
57;1;5.000;     0.000      ;5.000;     0.000      ;  Neg. p = 0.004   
59;1;5.000;1.000;5.525;     0.496      ;  Neg. p = 0.013   
60;1;9.000;     0.000      ;8.466;     0.000      ;  Neg. p = 0.000   
62;1;10.000;2.000;9.179;1.126;  Neg. p = 0.002   
63;1;4.000;     0.000      ;7.073;     0.000      ;  Neg. p = 0.001   
65;1;6.000;     0.000      ;8.981;     0.000      ;  Neg. p = 0.000   
74;1;8.000;     0.000      ;8.000;     0.000      ;  Neg. p = 0.000   
84;1;4.000;     0.000      ;4.636;     0.000      ;  Neg. p = 0.007   
88;1;4.000;1.000;4.000;     0.500      ;  Neg. p = 0.045   
89;1;3.000;     0.000      ;3.000;     0.000      ;  Neg. p = 0.041   
91;1;7.000;     0.000      ;11.082;     0.000      ;  Neg. p = 0.000   
93;1;6.000;     0.000      ;11.335;     0.000      ;  Neg. p = 0.000   
101;1;5.000;     0.000      ;5.000;     0.000      ;  Neg. p = 0.004   
103;1;6.000;     0.000      ;7.949;     0.000      ;  Neg. p = 0.000   
104;1;5.000;1.000;6.840;     0.441      ;  Neg. p = 0.004   
107;1;8.500;1.500;8.542;     0.748      ;  Neg. p = 0.002   
108;1;     0.500      ;1.500;4.670;     0.519      ;  Neg. p = 0.070   
111;1;6.000;1.000;4.905;     0.563      ;  Neg. p = 0.021   
112;1;3.000;     0.000      ;5.645;     0.000      ;  Neg. p = 0.006   
113;1;7.000;     0.000      ;13.488;     0.000      ;  Neg. p = 0.000   
115;1;12.000;     0.000      ;12.000;     0.000      ;  Neg. p = 0.000   
116;1;8.000;2.000;8.000;1.239;  Neg. p = 0.009   
117;1;     0.000      ;6.000;     0.000      ;2.964;  Pos. p = 0.094   
131;1;5.000;     0.000      ;5.000;     0.000      ;  Neg. p = 0.004   
133;1;7.000;     0.000      ;7.000;     0.000      ;  Neg. p = 0.000   
138;1;9.000;     0.000      ;7.796;     0.000      ;  Neg. p = 0.000   
139;1;2.000;     0.000      ;3.228;     0.000      ;  Neg. p = 0.046   
150;1;3.000;     0.000      ;3.000;     0.000      ;  Neg. p = 0.040   
152;1;4.000;     0.000      ;7.833;     0.000      ;  Neg. p = 0.001   
155;1;7.000;1.000;13.146;     0.457      ;  Neg. p = 0.000   
158;1;6.000;     0.000      ;5.117;     0.000      ;  Neg. p = 0.009   
160;1;10.000;4.000;11.036;2.093;  Neg. p = 0.003   
163;1;     0.500      ;2.500;10.320;1.719;  Neg. p = 0.094   
164;1;5.500;2.500;7.967;1.170;  Neg. p = 0.014   
165;1;6.500;1.500;6.709;     0.739      ;  Neg. p = 0.009   
168;1;2.000;     0.000      ;3.178;     0.000      ;  Neg. p = 0.064   
169;1;5.000;     0.000      ;6.740;     0.000      ;  Neg. p = 0.001   
170;1;3.000;2.000;5.569;     0.816      ;  Neg. p = 0.044   
172;1;4.000;     0.000      ;2.687;     0.000      ;  Neg. p = 0.063   
174;1;9.000;7.000;9.210;3.514;  Neg. p = 0.046   
176;1;6.500;2.500;8.266;1.222;  Neg. p = 0.010   
178;1;9.000;3.000;8.985;1.869;  Neg. p = 0.011   
179;1;6.000;3.000;8.693;1.401;  Neg. p = 0.009   
189;1;3.000;     0.000      ;3.000;     0.000      ;  Neg. p = 0.061   