     Codon      ;   Partition    ;     alpha      ;      beta      ;      LRT       ;Selection detected?;dN/dS with confidence intervals
22;1;        0.301   ;        0.000   ;2.304;  Neg. p = 0.0990  ;     0.000(   0.00-   0.88)    
9;1;        0.813   ;        0.000   ;4.312;  Neg. p = 0.0297  ;     0.000(   0.00-   0.24)    
10;1;        0.414   ;        0.000   ;2.917;  Neg. p = 0.0693  ;     0.000(   0.00-   0.57)    
72;1;        0.414   ;        0.000   ;2.917;  Neg. p = 0.0693  ;     0.000(   0.00-   0.57)    
4;1;        0.414   ;        0.000   ;2.826;  Neg. p = 0.0198  ;     0.000(   0.00-   0.61)    
17;1;        0.982   ;        0.000   ;5.885;  Neg. p = 0.0198  ;     0.000(   0.00-   0.26)    
28;1;1.804;        0.000   ;8.880;  Neg. p = 0.0099  ;     0.000(   0.00-   0.11)    
2;1;1.883;        0.000   ;8.560;  Neg. p = 0.0099  ;     0.000(   0.00-   0.11)    
41;1;        0.560   ;        0.000   ;3.694;  Neg. p = 0.0693  ;     0.000(   0.00-   0.62)    
8;1;        0.580   ;        0.000   ;4.201;  Neg. p = 0.0495  ;     0.000(   0.00-   0.51)    
5;1;1.804;        0.000   ;7.461;  Neg. p = 0.0099  ;     0.000(   0.00-   0.16)    
42;1;3.378;        0.000   ;13.913;  Neg. p = 0.0099  ;     0.000(   0.00-   0.06)    
21;1;        0.546   ;        0.000   ;3.932;  Neg. p = 0.0297  ;     0.000(   0.00-   0.68)    
32;1;1.780;        0.000   ;8.962;  Neg. p = 0.0099  ;     0.000(   0.00-   0.15)    
43;1;3.054;        0.000   ;12.799;  Neg. p = 0.0099  ;     0.000(   0.00-   0.07)    
30;1;1.017;        0.000   ;7.138;  Neg. p = 0.0099  ;     0.000(   0.00-   0.26)    
35;1;4.519;        0.000   ;17.891;  Neg. p = 0.0099  ;     0.000(   0.00-   0.06)    
15;1;1.718;        0.000   ;10.735;  Neg. p = 0.0099  ;     0.000(   0.00-   0.21)    
18;1;1.431;        0.136   ;4.557;  Neg. p = 0.0396  ;     0.095(   0.01-   0.44)    
25;1;1.353;        0.000   ;8.673;  Neg. p = 0.0099  ;     0.000(   0.00-   0.27)    
14;1;4.085;        0.000   ;16.030;  Neg. p = 0.0099  ;     0.000(   0.00-   0.06)    
38;1;4.232;        0.000   ;12.625;  Neg. p = 0.0099  ;     0.000(   0.00-   0.09)    
34;1;        0.000   ;2.317;8.557;  Pos. p = 0.0198  ;  10000.000(8252.32-10000.00)  
55;1;        0.850   ;        0.000   ;3.689;  Neg. p = 0.0396  ;     0.000(   0.00-   0.35)    
67;1;        0.280   ;        0.000   ;2.424;  Neg. p = 0.0396  ;     0.000(   0.00-   0.82)    
77;1;        0.265   ;        0.000   ;2.033;  Neg. p = 0.0792  ;     0.000(   0.00-   1.09)    
53;1;1.500;        0.000   ;9.292;  Neg. p = 0.0297  ;     0.000(   0.00-   0.19)    
86;1;        0.813   ;        0.000   ;4.168;  Neg. p = 0.0198  ;     0.000(   0.00-   0.26)    
63;1;2.657;        0.000   ;14.484;  Neg. p = 0.0099  ;     0.000(   0.00-   0.08)    
56;1;3.211;        0.000   ;15.223;  Neg. p = 0.0099  ;     0.000(   0.00-   0.06)    
54;1;3.316;        0.135   ;15.395;  Neg. p = 0.0099  ;     0.041(   0.00-   0.19)    
57;1;1.683;        0.000   ;12.881;  Neg. p = 0.0099  ;     0.000(   0.00-   0.14)    
59;1;1.742;        0.129   ;7.611;  Neg. p = 0.0297  ;     0.074(   0.00-   0.33)    
85;1;        0.000   ;        0.394   ;2.397;  Pos. p = 0.0792  ;  10000.000(3826.92-10000.00)  
84;1;1.902;        0.000   ;12.204;  Neg. p = 0.0099  ;     0.000(   0.00-   0.13)    
65;1;5.068;        0.000   ;21.997;  Neg. p = 0.0099  ;     0.000(   0.00-   0.04)    
60;1;3.425;        0.000   ;18.718;  Neg. p = 0.0099  ;     0.000(   0.00-   0.09)    
74;1;3.438;        0.000   ;20.188;  Neg. p = 0.0099  ;     0.000(   0.00-   0.08)    
62;1;4.258;        0.144   ;17.148;  Neg. p = 0.0099  ;     0.034(   0.00-   0.16)    
95;1;        0.257   ;        0.000   ;2.304;  Neg. p = 0.0495  ;     0.000(   0.00-   0.88)    
89;1;        0.950   ;        0.000   ;6.566;  Neg. p = 0.0198  ;     0.000(   0.00-   0.30)    
88;1;1.724;        0.120   ;6.983;  Neg. p = 0.0198  ;     0.070(   0.00-   0.32)    
96;1;        0.438   ;        0.000   ;2.765;  Neg. p = 0.0891  ;     0.000(   0.00-   0.62)    
91;1;12.858;        0.000   ;26.745;  Neg. p = 0.0099  ;     0.000(   0.00-   0.02)    
93;1;8.863;        0.000   ;28.048;  Neg. p = 0.0099  ;     0.000(   0.00-   0.02)    
105;1;        0.428   ;        0.000   ;3.400;  Neg. p = 0.0495  ;     0.000(   0.00-   0.71)    
97;1;        0.000   ;1.255;4.993;  Pos. p = 0.0396  ;  10000.000(7865.41-10000.00)  
108;1;10.000.000;        0.100   ;5.742;  Neg. p = 0.0099  ;     0.000(   0.00-   0.00)    
101;1;1.795;        0.000   ;12.101;  Neg. p = 0.0099  ;     0.000(   0.00-   0.15)    
103;1;5.937;        0.000   ;20.439;  Neg. p = 0.0099  ;     0.000(   0.00-   0.04)    
123;1;        0.653   ;        0.000   ;3.945;  Neg. p = 0.0099  ;     0.000(   0.00-   0.30)    
104;1;2.974;        0.120   ;11.573;  Neg. p = 0.0099  ;     0.040(   0.00-   0.18)    
112;1;3.054;        0.000   ;13.016;  Neg. p = 0.0099  ;     0.000(   0.00-   0.07)    
111;1;1.843;        0.168   ;6.872;  Neg. p = 0.0396  ;     0.091(   0.01-   0.41)    
107;1;4.780;        0.122   ;20.678;  Neg. p = 0.0099  ;     0.025(   0.00-   0.11)    
113;1;13.011;        0.000   ;32.724;  Neg. p = 0.0099  ;     0.000(   0.00-   0.02)    
117;1;        0.000   ;        0.847   ;4.828;  Pos. p = 0.0396  ;  10000.000(7260.34-10000.00)  
116;1;3.769;        0.386   ;8.708;  Neg. p = 0.0099  ;     0.102(   0.02-   0.33)    
115;1;9.292;        0.000   ;36.139;  Neg. p = 0.0099  ;     0.000(   0.00-   0.03)    
131;1;2.298;        0.000   ;13.360;  Neg. p = 0.0198  ;     0.000(   0.00-   0.13)    
133;1;5.003;        0.000   ;23.131;  Neg. p = 0.0099  ;     0.000(   0.00-   0.05)    
148;1;        0.441   ;        0.000   ;2.818;  Neg. p = 0.0594  ;     0.000(   0.00-   0.60)    
139;1;        0.919   ;        0.000   ;5.813;  Neg. p = 0.0198  ;     0.000(   0.00-   0.27)    
157;1;        0.827   ;        0.000   ;4.469;  Neg. p = 0.0198  ;     0.000(   0.00-   0.22)    
130;1;4.305;        0.000   ;17.151;  Neg. p = 0.0099  ;     0.000(   0.00-   0.08)    
138;1;3.362;        0.000   ;20.683;  Neg. p = 0.0099  ;     0.000(   0.00-   0.08)    
159;1;        0.280   ;        0.000   ;2.422;  Neg. p = 0.0891  ;     0.000(   0.00-   0.82)    
150;1;        0.979   ;        0.000   ;6.709;  Neg. p = 0.0297  ;     0.000(   0.00-   0.29)    
152;1;5.907;        0.000   ;19.843;  Neg. p = 0.0099  ;     0.000(   0.00-   0.03)    
146;1;        0.000   ;        0.846   ;4.154;  Pos. p = 0.0396  ;  10000.000(7260.32-10000.00)  
158;1;2.517;        0.000   ;11.569;  Neg. p = 0.0099  ;     0.000(   0.00-   0.16)    
168;1;        0.887   ;        0.000   ;5.520;  Neg. p = 0.0099  ;     0.000(   0.00-   0.30)    
155;1;56.035;        0.126   ;39.584;  Neg. p = 0.0099  ;     0.002(   0.00-   0.01)    
164;1;4.604;        0.270   ;10.038;  Neg. p = 0.0099  ;     0.059(   0.01-   0.19)    
165;1;3.375;        0.160   ;10.906;  Neg. p = 0.0099  ;     0.047(   0.00-   0.22)    
160;1;6.583;        0.579   ;13.759;  Neg. p = 0.0099  ;     0.088(   0.03-   0.21)    
169;1;5.957;        0.000   ;19.037;  Neg. p = 0.0099  ;     0.000(   0.00-   0.04)    
170;1;3.988;        0.230   ;7.432;  Neg. p = 0.0099  ;     0.058(   0.01-   0.18)    
172;1;        0.887   ;        0.000   ;5.865;  Neg. p = 0.0297  ;     0.000(   0.00-   0.42)    
176;1;8.348;        0.277   ;15.033;  Neg. p = 0.0099  ;     0.033(   0.01-   0.11)    
179;1;9.807;        0.402   ;14.025;  Neg. p = 0.0099  ;     0.041(   0.01-   0.11)    
178;1;5.844;        0.582   ;9.869;  Neg. p = 0.0198  ;     0.100(   0.02-   0.28)    
174;1;8.953;1.244;7.538;  Neg. p = 0.0099  ;     0.139(   0.06-   0.29)    
189;1;1.353;        0.000   ;6.279;  Neg. p = 0.0198  ;     0.000(   0.00-   0.32)    