     Codon      ,   Partition    ,     alpha      ,      beta      ,      LRT       ,Selection detected?,dN/dS with confidence intervals
9,1,908,0,4165,  Neg. p = 0.0198  ,     0.000(   0.00-   0.26)    
10,1,479,0,2860,  Neg. p = 0.0594  ,     0.000(   0.00-   0.59)    
72,1,479,0,2860,  Neg. p = 0.0594  ,     0.000(   0.00-   0.59)    
22,1,367,0,2284,  Neg. p = 0.0693  ,     0.000(   0.00-   0.90)    
4,1,475,0,2784,  Neg. p = 0.0297  ,     0.000(   0.00-   0.63)    
8,1,707,0,4228,  Neg. p = 0.0198  ,     0.000(   0.00-   0.51)    
17,1,1060,0,5614,  Neg. p = 0.0297  ,     0.000(   0.00-   0.29)    
28,1,1921,0,8519,  Neg. p = 0.0099  ,     0.000(   0.00-   0.12)    
2,1,1759,0,8033,  Neg. p = 0.0099  ,     0.000(   0.00-   0.15)    
32,1,1843,0,8661,  Neg. p = 0.0099  ,     0.000(   0.00-   0.18)    
30,1,1353,0,6943,  Neg. p = 0.0099  ,     0.000(   0.00-   0.24)    
21,1,616,0,3726,  Neg. p = 0.0495  ,     0.000(   0.00-   0.74)    
43,1,3349,0,12400,  Neg. p = 0.0099  ,     0.000(   0.00-   0.08)    
5,1,2165,0,7510,  Neg. p = 0.0099  ,     0.000(   0.00-   0.16)    
6,1,0,720,2629,  Pos. p = 0.0990  ,  10000.000(6186.36-10000.00)  
18,1,1613,162,4435,  Neg. p = 0.0297  ,     0.100(   0.01-   0.46)    
42,1,5003,0,17963,  Neg. p = 0.0099  ,     0.000(   0.00-   0.05)    
25,1,1353,0,8274,  Neg. p = 0.0099  ,     0.000(   0.00-   0.32)    
38,1,1679,0,5008,  Neg. p = 0.0297  ,     0.000(   0.00-   0.28)    
34,1,0,1363,4831,  Pos. p = 0.0594  ,  10000.000(7260.42-10000.00)  
14,1,3805,0,16767,  Neg. p = 0.0099  ,     0.000(   0.00-   0.08)    
35,1,6185,0,21138,  Neg. p = 0.0099  ,     0.000(   0.00-   0.05)    
15,1,1733,0,9578,  Neg. p = 0.0099  ,     0.000(   0.00-   0.26)    
55,1,897,0,3522,  Neg. p = 0.0297  ,     0.000(   0.00-   0.39)    
48,1,452,0,2438,  Neg. p = 0.0990  ,     0.000(   0.00-   1.14)    
67,1,333,0,2459,  Neg. p = 0.0693  ,     0.000(   0.00-   0.83)    
77,1,309,0,1977,  Neg. p = 0.0990  ,     0.000(   0.00-   1.14)    
57,1,902,0,5874,  Neg. p = 0.0099  ,     0.000(   0.00-   0.30)    
53,1,1060,0,6203,  Neg. p = 0.0099  ,     0.000(   0.00-   0.33)    
86,1,908,0,3982,  Neg. p = 0.0495  ,     0.000(   0.00-   0.29)    
56,1,3387,0,14006,  Neg. p = 0.0099  ,     0.000(   0.00-   0.07)    
60,1,1703,0,9077,  Neg. p = 0.0099  ,     0.000(   0.00-   0.23)    
63,1,3615,0,15706,  Neg. p = 0.0099  ,     0.000(   0.00-   0.07)    
54,1,4521,170,17391,  Neg. p = 0.0099  ,     0.038(   0.00-   0.17)    
65,1,6036,0,24817,  Neg. p = 0.0099  ,     0.000(   0.00-   0.04)    
84,1,1819,0,10161,  Neg. p = 0.0198  ,     0.000(   0.00-   0.16)    
62,1,2672,178,9365,  Neg. p = 0.0198  ,     0.067(   0.00-   0.30)    
50,1,3537,1097,2985,  Neg. p = 0.0990  ,     0.310(   0.10-   0.72)    
74,1,3288,0,16474,  Neg. p = 0.0099  ,     0.000(   0.00-   0.10)    
88,1,1857,142,6258,  Neg. p = 0.0297  ,     0.077(   0.00-   0.34)    
89,1,1070,0,6336,  Neg. p = 0.0198  ,     0.000(   0.00-   0.33)    
95,1,305,0,2300,  Neg. p = 0.0891  ,     0.000(   0.00-   0.89)    
96,1,488,0,2676,  Neg. p = 0.0891  ,     0.000(   0.00-   0.68)    
93,1,8134,0,25310,  Neg. p = 0.0099  ,     0.000(   0.00-   0.03)    
91,1,10090,0,29267,  Neg. p = 0.0099  ,     0.000(   0.00-   0.03)    
101,1,823,0,4715,  Neg. p = 0.0198  ,     0.000(   0.00-   0.41)    
105,1,544,0,3533,  Neg. p = 0.0891  ,     0.000(   0.00-   0.67)    
108,1,9435955,139,6748,  Neg. p = 0.0099  ,     0.000(   0.00-   0.00)    
123,1,794,0,4023,  Neg. p = 0.0198  ,     0.000(   0.00-   0.29)    
104,1,1608,288,2843,  Neg. p = 0.0990  ,     0.179(   0.03-   0.58)    
103,1,4707,0,15995,  Neg. p = 0.0099  ,     0.000(   0.00-   0.07)    
126,1,383,0,2351,  Neg. p = 0.0792  ,     0.000(   0.00-   0.86)    
121,1,294,0,1901,  Neg. p = 0.0891  ,     0.000(   0.00-   1.22)    
112,1,3306,0,12523,  Neg. p = 0.0099  ,     0.000(   0.00-   0.08)    
111,1,1370,197,3739,  Neg. p = 0.0594  ,     0.144(   0.01-   0.64)    
107,1,4072,142,15711,  Neg. p = 0.0099  ,     0.035(   0.00-   0.16)    
113,1,10640,0,27375,  Neg. p = 0.0099  ,     0.000(   0.00-   0.03)    
139,1,1687,0,8734,  Neg. p = 0.0099  ,     0.000(   0.00-   0.18)    
115,1,8623,0,31506,  Neg. p = 0.0099  ,     0.000(   0.00-   0.04)    
131,1,1353,0,7180,  Neg. p = 0.0297  ,     0.000(   0.00-   0.27)    
130,1,1353,0,7117,  Neg. p = 0.0099  ,     0.000(   0.00-   0.29)    
116,1,3706,699,5469,  Neg. p = 0.0099  ,     0.189(   0.05-   0.51)    
148,1,478,0,2634,  Neg. p = 0.0891  ,     0.000(   0.00-   0.69)    
157,1,877,0,4279,  Neg. p = 0.0099  ,     0.000(   0.00-   0.26)    
159,1,333,0,2443,  Neg. p = 0.0594  ,     0.000(   0.00-   0.83)    
133,1,4581,0,23577,  Neg. p = 0.0099  ,     0.000(   0.00-   0.06)    
138,1,3465,0,18954,  Neg. p = 0.0099  ,     0.000(   0.00-   0.10)    
152,1,3916,0,13931,  Neg. p = 0.0099  ,     0.000(   0.00-   0.06)    
150,1,1963,0,10253,  Neg. p = 0.0099  ,     0.000(   0.00-   0.17)    
146,1,0,1007,4147,  Pos. p = 0.0297  ,  10000.000(7260.37-10000.00)  
154,1,4112,555,5824,  Neg. p = 0.0198  ,     0.135(   0.03-   0.36)    
155,1,31849,157,30887,  Neg. p = 0.0099  ,     0.005(   0.00-   0.02)    
158,1,2810,0,12121,  Neg. p = 0.0099  ,     0.000(   0.00-   0.18)    
160,1,3605,327,8700,  Neg. p = 0.0297  ,     0.091(   0.02-   0.29)    
168,1,1021,0,5351,  Neg. p = 0.0099  ,     0.000(   0.00-   0.33)    
170,1,4439,281,7381,  Neg. p = 0.0198  ,     0.063(   0.01-   0.20)    
164,1,3252,330,6522,  Neg. p = 0.0099  ,     0.101(   0.02-   0.33)    
172,1,1013,0,5640,  Neg. p = 0.0099  ,     0.000(   0.00-   0.45)    
169,1,4755,0,15785,  Neg. p = 0.0099  ,     0.000(   0.00-   0.07)    
165,1,3746,187,11973,  Neg. p = 0.0099  ,     0.050(   0.00-   0.23)    
186,1,357,0,2285,  Neg. p = 0.0990  ,     0.000(   0.00-   0.90)    
175,1,2806,862,2904,  Neg. p = 0.0891  ,     0.307(   0.08-   0.82)    
176,1,10327,339,19006,  Neg. p = 0.0099  ,     0.033(   0.01-   0.11)    
178,1,5749,702,8152,  Neg. p = 0.0099  ,     0.122(   0.03-   0.33)    
179,1,9316,488,17760,  Neg. p = 0.0099  ,     0.052(   0.01-   0.14)    
189,1,1353,0,5421,  Neg. p = 0.0297  ,     0.000(   0.00-   0.37)    
174,1,7438,1911,4956,  Neg. p = 0.0495  ,     0.257(   0.12-   0.50)    
