Site 1,Site 2,P [Site 1 –> Site 2],P [Site 2 –> Site 1],P [Site 1 <–> Site 2],Site 1 subs,Site 2 subs,Shared subs
19,129,"0.12","0.87","0.99",7,6,6
34,146,"0.54","0.003","0.55",7,5,4
36,87,"0.48","0.40","0.88",2,2,2
38,129,"0.000","0.53","0.53",4,6,4
45,171,"0.23","0.29","0.52",1,1,1
50,97,"0.028","0.69","0.72",6,4,4
58,143,"0.31","0.34","0.65",4,4,4
58,154,"0.24","0.36","0.59",4,4,4
64,149,"0.34","0.34","0.69",2,2,2
97,117,"0.62","0.16","0.78",4,5,4
97,129,"0.15","0.42","0.57",4,6,4
113,175,"0.37","0.14","0.52",7,6,4
129,134,"0.70","0.020","0.72",6,6,5
130,160,"0.29","0.32","0.61",4,4,4
130,161,"0.29","0.29","0.58",4,4,4
143,154,"0.37","0.26","0.64",4,4,4
160,161,"0.36","0.30","0.66",4,4,4
183,184,"0.32","0.36","0.69",2,2,2
