Site,Partition,&alpha; ,&beta;<sup>-</sup>,p<sup>-</sup>,&beta;<sup>+</sup>,p<sup>+</sup>,LRT,p-value,# branches under selection,Total branch length,MEME LogL,FEL LogL
1,1,"0.00","0.00","1.00","0.00","0.00","0.00","1.00","0.00","0.00","0.00","0.00"
2,1,"5.91","0.00","1.00","8.86","0.00","0.00","0.67","0.00","0.00","-13.70","-13.70"
3,1,"0.00","0.00","1.00","0.00","0.00","0.00","1.00","0.00","0.00","0.00","0.00"
4,1,"0.00","0.00","0.49","13.81","0.51","9.03","0.00","3.00","0.00","-36.15","-35.07"
5,1,"0.00","0.00","0.00","1.41","1.00","1.18","0.29","2.00","0.00","-17.93","-17.93"
6,1,"0.00","0.00","1.00","0.00","0.00","0.00","1.00","0.00","0.00","0.00","0.00"
7,1,"0.00","0.00","0.88","22.49","0.12","8.16","0.01","2.00","0.00","-17.81","-15.16"
8,1,"4.34","3.32","1.00","6.50","0.00","0.00","0.67","0.00","0.00","-31.54","-31.54"
9,1,"1.90","0.63","0.98","1484.11","0.02","9.10","0.00","1.00","0.00","-33.10","-28.56"
10,1,"0.00","0.00","0.00","2.23","1.00","2.88","0.11","3.00","0.00","-20.25","-20.25"
11,1,"0.00","0.00","0.00","0.45","1.00","0.79","0.36","1.00","0.00","-7.95","-7.95"
12,1,"0.00","0.00","0.00","0.41","1.00","0.38","0.47","1.00","0.00","-7.48","-7.48"
13,1,"0.00","0.00","1.00","0.00","0.00","0.00","1.00","0.00","0.00","0.00","0.00"
14,1,"0.00","0.00","1.00","0.00","0.00","0.00","1.00","0.00","0.00","0.00","0.00"
15,1,"13.71","3.09","1.00","20.56","0.00","0.00","0.67","0.00","0.00","-49.76","-49.76"
16,1,"0.00","0.00","0.00","3.27","1.00","3.03","0.11","5.00","0.00","-25.43","-25.43"
17,1,"0.00","0.00","1.00","0.00","0.00","0.00","1.00","0.00","0.00","0.00","0.00"
18,1,"0.00","0.00","0.00","1.01","1.00","1.30","0.27","2.00","0.00","-12.15","-12.15"
19,1,"0.00","0.00","1.00","0.00","0.00","0.00","1.00","0.00","0.00","0.00","0.00"
20,1,"0.00","0.00","0.79","12.86","0.21","3.97","0.06","1.00","0.00","-22.44","-20.54"
21,1,"0.00","0.00","1.00","0.00","0.00","0.00","1.00","0.00","0.00","0.00","0.00"
22,1,"1.03","0.05","0.00","1.78","1.00","0.20","0.53","0.00","0.00","-22.11","-22.11"
23,1,"6.30","1.60","0.82","90.74","0.18","2.08","0.17","1.00","0.00","-50.75","-49.35"
24,1,"0.00","0.00","1.00","0.00","0.00","0.00","1.00","0.00","0.00","0.00","0.00"
25,1,"0.00","0.00","0.00","4.51","1.00","4.81","0.04","4.00","0.00","-30.73","-30.73"
26,1,"0.83","0.00","0.84","21.24","0.16","2.94","0.11","3.00","0.00","-28.25","-26.89"
27,1,"0.00","0.00","0.00","2.50","1.00","3.05","0.10","5.00","0.00","-21.35","-21.35"
28,1,"0.00","0.00","0.00","2.18","1.00","2.85","0.12","4.00","0.00","-22.01","-22.01"
29,1,"0.00","0.00","1.00","0.00","0.00","0.00","1.00","0.00","0.00","0.00","0.00"
30,1,"0.00","0.00","1.00","0.00","0.00","0.00","1.00","0.00","0.00","0.00","0.00"
31,1,"0.00","0.00","0.00","0.79","1.00","0.71","0.38","2.00","0.00","-12.63","-12.63"
32,1,"0.00","0.00","0.00","1.60","1.00","2.05","0.18","1.00","0.00","-19.98","-19.98"
33,1,"1.20","0.06","0.00","2.06","1.00","0.17","0.54","0.00","0.00","-28.88","-28.88"
34,1,"0.00","0.00","0.96","34.56","0.04","1.90","0.19","1.00","0.00","-10.92","-10.24"
35,1,"0.00","0.00","1.00","0.00","0.00","0.00","1.00","0.00","0.00","0.00","0.00"
36,1,"2.31","0.00","1.00","3.46","0.00","0.00","0.67","0.00","0.00","-6.49","-6.49"
37,1,"0.00","0.00","1.00","0.00","0.00","0.00","1.00","0.00","0.00","0.00","0.00"
38,1,"0.00","0.00","0.00","1.78","1.00","1.49","0.24","3.00","0.00","-20.04","-20.04"
39,1,"3.38","0.00","0.78","34.78","0.22","4.18","0.06","4.00","0.00","-41.87","-37.82"
40,1,"0.00","0.00","0.00","10.20","1.00","7.99","0.01","7.00","0.00","-50.40","-50.40"
41,1,"0.00","0.00","1.00","0.00","0.00","0.00","1.00","0.00","0.00","0.00","0.00"
42,1,"0.00","0.00","1.00","0.00","0.00","0.00","1.00","0.00","0.00","0.00","0.00"
43,1,"4.41","0.48","1.00","6.61","0.00","0.00","0.67","0.00","0.00","-24.99","-24.99"
44,1,"3.60","3.31","1.00","5.41","0.00","0.00","0.67","0.00","0.00","-35.00","-35.00"
45,1,"0.00","0.00","0.93","11.80","0.07","0.98","0.32","1.00","0.00","-10.51","-10.18"
46,1,"0.00","0.00","0.00","1.58","1.00","2.05","0.18","4.00","0.00","-21.29","-21.29"
47,1,"0.00","0.00","0.04","4.50","0.96","3.41","0.09","5.00","0.00","-23.96","-23.96"
48,1,"1.29","0.00","1.00","1.94","0.00","0.00","0.67","0.00","0.00","-6.73","-6.73"
49,1,"0.00","0.00","0.15","7.13","0.85","8.60","0.01","6.00","0.00","-31.16","-31.13"
50,1,"0.00","0.00","0.00","5.18","1.00","3.98","0.06","6.00","0.00","-36.59","-36.59"
51,1,"0.00","0.00","0.53","19.75","0.47","14.66","0.00","5.00","0.00","-38.23","-37.03"
52,1,"0.00","0.00","0.00","3.47","1.00","2.61","0.13","6.00","0.00","-28.01","-28.01"
53,1,"2.43","2.27","1.00","3.84","0.00","0.00","0.67","0.00","0.00","-29.25","-29.25"
54,1,"0.00","0.00","1.00","0.00","0.00","0.00","1.00","0.00","0.00","0.00","0.00"
55,1,"0.00","0.00","0.00","3.20","1.00","2.48","0.14","4.00","0.00","-32.77","-32.77"
56,1,"0.00","0.00","0.94","23.45","0.06","1.91","0.19","1.00","0.00","-11.80","-11.32"
57,1,"0.00","0.00","0.00","0.50","1.00","0.70","0.38","1.00","0.00","-8.98","-8.98"
58,1,"0.00","0.00","1.00","0.00","0.00","0.00","1.00","0.00","0.00","0.00","0.00"
59,1,"0.00","0.00","1.00","0.00","0.00","0.00","1.00","0.00","0.00","0.00","0.00"
60,1,"0.00","0.00","1.00","0.00","0.00","0.00","1.00","0.00","0.00","0.00","0.00"
61,1,"0.00","0.00","1.00","0.00","0.00","0.00","1.00","0.00","0.00","0.00","0.00"
62,1,"0.00","0.00","0.91","8.44","0.09","4.52","0.05","1.00","0.00","-12.82","-11.12"
63,1,"0.00","0.00","1.00","0.00","0.00","0.00","1.00","0.00","0.00","0.00","0.00"
64,1,"0.00","0.00","0.00","4.65","1.00","4.37","0.05","2.00","0.00","-29.40","-29.40"
65,1,"0.00","0.00","1.00","0.00","0.00","0.00","1.00","0.00","0.00","0.00","0.00"
66,1,"0.00","0.00","1.00","0.00","0.00","0.00","1.00","0.00","0.00","0.00","0.00"
67,1,"3.84","0.00","0.95","23.20","0.05","1.03","0.31","1.00","0.00","-20.23","-17.77"
68,1,"0.00","0.00","1.00","0.00","0.00","0.00","1.00","0.00","0.00","0.00","0.00"
69,1,"0.00","0.00","1.00","0.00","0.00","0.00","1.00","0.00","0.00","0.00","0.00"
70,1,"0.00","0.00","1.00","0.00","0.00","0.00","1.00","0.00","0.00","0.00","0.00"
71,1,"0.00","0.00","1.00","0.00","0.00","0.00","1.00","0.00","0.00","0.00","0.00"
72,1,"0.00","0.00","1.00","0.00","0.00","0.00","1.00","0.00","0.00","0.00","0.00"
73,1,"0.00","0.00","1.00","0.00","0.00","0.00","1.00","0.00","0.00","0.00","0.00"
74,1,"0.00","0.00","0.51","7.82","0.49","7.44","0.01","3.00","0.00","-25.84","-25.40"
75,1,"0.00","0.00","1.00","0.00","0.00","0.00","1.00","0.00","0.00","0.00","0.00"
76,1,"1.38","1.01","1.00","2.07","0.00","0.00","0.67","0.00","0.00","-19.09","-19.09"
77,1,"0.00","0.00","0.98","138.72","0.02","3.28","0.09","1.00","0.00","-11.99","-10.63"
78,1,"0.00","0.00","0.00","2.50","1.00","3.69","0.07","3.00","0.00","-20.12","-20.12"
79,1,"4.48","2.07","1.00","6.71","0.00","0.00","0.67","0.00","0.00","-32.46","-32.46"
80,1,"0.00","0.00","0.01","0.46","0.99","0.41","0.46","1.00","0.00","-9.73","-9.73"
81,1,"0.00","0.00","0.71","25.06","0.29","8.41","0.01","3.00","0.00","-31.92","-29.90"
82,1,"0.00","0.00","1.00","0.00","0.00","0.00","1.00","0.00","0.00","0.00","0.00"
83,1,"6.60","0.00","1.00","9.91","0.00","0.00","0.67","0.00","0.00","-27.63","-27.63"
84,1,"0.00","0.00","0.95","26.03","0.05","1.69","0.22","1.00","0.00","-11.66","-11.07"
85,1,"1.36","0.00","1.00","2.04","0.00","0.00","0.67","0.00","0.00","-7.63","-7.63"
86,1,"3.36","3.02","1.00","5.03","0.00","0.00","0.67","0.00","0.00","-27.28","-27.28"
87,1,"0.00","0.00","0.00","0.51","1.00","0.70","0.38","1.00","0.00","-8.93","-8.93"
88,1,"0.00","0.00","0.00","0.54","1.00","0.86","0.34","1.00","0.00","-7.26","-7.26"
89,1,"0.00","0.00","1.00","0.00","0.00","0.00","1.00","0.00","0.00","0.00","0.00"
90,1,"0.00","0.00","1.00","0.00","0.00","0.00","1.00","0.00","0.00","0.00","0.00"
91,1,"16.88","5.99","1.00","3.28","0.00","0.00","0.67","0.00","0.00","-47.61","-47.61"
92,1,"0.00","0.00","0.00","2.65","1.00","3.51","0.08","5.00","0.00","-16.36","-16.36"
93,1,"0.00","0.00","0.51","9.34","0.49","4.21","0.06","5.00","0.00","-31.95","-31.16"
94,1,"0.00","0.00","0.00","3.93","1.00","5.85","0.02","4.00","0.00","-25.08","-25.08"
95,1,"0.00","0.00","0.00","1.15","1.00","1.49","0.24","2.00","0.00","-11.84","-11.84"
96,1,"1.36","0.00","1.00","2.04","0.00","0.00","0.67","0.00","0.00","-9.28","-9.28"
97,1,"0.00","0.00","0.00","6.32","1.00","4.60","0.05","5.00","0.00","-36.97","-36.97"
98,1,"2.20","0.57","1.00","3.29","0.00","0.00","0.67","0.00","0.00","-17.09","-17.09"
99,1,"0.00","0.00","1.00","0.00","0.00","0.00","1.00","0.00","0.00","0.00","0.00"
100,1,"0.00","0.00","0.52","1.36","0.48","0.79","0.36","1.00","0.00","-9.79","-9.79"
101,1,"7.70","0.00","1.00","11.54","0.00","0.00","0.67","0.00","0.00","-24.60","-24.60"
102,1,"0.00","0.00","0.00","1.52","1.00","1.29","0.27","2.00","0.00","-17.37","-17.37"
103,1,"1.01","0.08","0.00","4.56","1.00","2.68","0.13","0.00","0.00","-42.94","-42.94"
104,1,"0.00","0.00","1.00","0.00","0.00","0.00","1.00","0.00","0.00","0.00","0.00"
105,1,"0.00","0.00","0.00","11.81","1.00","15.35","0.00","4.00","0.00","-53.20","-53.20"
106,1,"0.00","0.00","0.00","7.29","1.00","6.64","0.02","4.00","0.00","-38.64","-38.64"
107,1,"5.22","0.00","1.00","7.83","0.00","0.00","0.67","0.00","0.00","-13.01","-13.01"
108,1,"0.00","0.00","0.04","3.47","0.96","5.86","0.02","4.00","0.00","-24.49","-24.48"
109,1,"1.06","0.00","1.00","1.60","0.00","0.00","0.67","0.00","0.00","-11.68","-11.68"
110,1,"0.00","0.00","1.00","0.00","0.00","0.00","1.00","0.00","0.00","0.00","0.00"
111,1,"0.00","0.00","0.00","0.45","1.00","0.90","0.34","1.00","0.00","-8.53","-8.53"
112,1,"0.00","0.00","1.00","0.00","0.00","0.00","1.00","0.00","0.00","0.00","0.00"
113,1,"2.48","0.00","0.95","24.60","0.05","0.73","0.37","1.00","0.00","-15.55","-14.99"
114,1,"0.00","0.00","1.00","0.00","0.00","0.00","1.00","0.00","0.00","0.00","0.00"
115,1,"0.00","0.00","1.00","0.00","0.00","0.00","1.00","0.00","0.00","0.00","0.00"
116,1,"0.00","0.00","0.00","0.51","1.00","0.43","0.45","1.00","0.00","-9.23","-9.23"
117,1,"0.00","0.00","1.00","0.00","0.00","0.00","1.00","0.00","0.00","0.00","0.00"
118,1,"0.00","0.00","1.00","0.00","0.00","0.00","1.00","0.00","0.00","0.00","0.00"
119,1,"0.00","0.00","0.00","8.16","1.00","9.13","0.00","7.00","0.00","-34.25","-34.26"
120,1,"0.00","0.00","0.00","3.65","1.00","2.79","0.12","6.00","0.00","-25.42","-25.42"
121,1,"0.00","0.00","0.00","3.76","1.00","6.61","0.02","5.00","0.00","-26.18","-26.18"
122,1,"0.00","0.00","0.00","0.46","1.00","0.93","0.33","1.00","0.00","-9.97","-9.97"
123,1,"21.34","2.47","1.00","32.01","0.00","0.00","0.67","0.00","0.00","-46.28","-46.28"
124,1,"1.38","0.00","1.00","2.33","0.00","0.00","0.67","0.00","0.00","-10.40","-10.40"
125,1,"0.00","0.00","1.00","0.00","0.00","0.00","1.00","0.00","0.00","0.00","0.00"
126,1,"0.00","0.00","1.00","0.00","0.00","0.00","1.00","0.00","0.00","0.00","0.00"
127,1,"0.00","0.00","1.00","0.00","0.00","0.00","1.00","0.00","0.00","0.00","0.00"
128,1,"12.70","1.23","1.00","2.07","0.00","0.00","0.67","0.00","0.00","-38.85","-38.85"
129,1,"0.00","0.00","0.00","0.93","1.00","1.24","0.28","2.00","0.00","-14.05","-14.05"
130,1,"0.00","0.00","1.00","0.00","0.00","0.00","1.00","0.00","0.00","0.00","0.00"
131,1,"0.00","0.00","1.00","0.00","0.00","0.00","1.00","0.00","0.00","0.00","0.00"
132,1,"0.00","0.00","0.00","1.88","1.00","2.14","0.17","4.00","0.00","-15.74","-15.74"
133,1,"0.77","0.04","0.00","1.62","1.00","0.38","0.46","0.00","0.00","-23.33","-23.33"
134,1,"0.00","0.00","0.79","26.40","0.21","13.95","0.00","4.00","0.00","-32.03","-27.46"
135,1,"9.48","0.00","0.96","56.64","0.04","0.63","0.39","1.00","0.00","-22.33","-21.49"
136,1,"0.00","0.00","0.49","0.69","0.51","0.04","0.61","1.00","0.00","-10.98","-10.97"
137,1,"0.00","0.00","1.00","0.00","0.00","0.00","1.00","0.00","0.00","0.00","0.00"
138,1,"0.00","0.00","0.95","24.01","0.05","1.56","0.23","1.00","0.00","-10.47","-9.97"
139,1,"0.79","0.61","1.00","1.18","0.00","0.00","0.67","0.00","0.00","-13.90","-13.90"
140,1,"0.00","0.00","0.00","2.12","1.00","2.72","0.12","2.00","0.00","-20.88","-20.88"
141,1,"0.00","0.00","1.00","0.00","0.00","0.00","1.00","0.00","0.00","0.00","0.00"
142,1,"0.00","0.00","0.00","9.86","1.00","6.00","0.02","7.00","0.00","-46.27","-46.27"
143,1,"1.08","0.00","0.01","4.54","0.99","1.84","0.20","5.00","0.00","-29.49","-29.49"
144,1,"3.62","3.05","1.00","5.42","0.00","0.00","0.67","0.00","0.00","-33.44","-33.44"
145,1,"16.34","0.00","1.00","24.51","0.00","0.00","0.67","0.00","0.00","-36.09","-36.09"
146,1,"0.00","0.00","1.00","0.00","0.00","0.00","1.00","0.00","0.00","0.00","0.00"
147,1,"0.00","0.00","0.00","1.05","1.00","1.37","0.26","2.00","0.00","-12.70","-12.70"
148,1,"0.00","0.00","0.40","5.19","0.60","4.97","0.04","3.00","0.00","-28.09","-28.02"
149,1,"4.48","0.49","1.00","6.72","0.00","0.00","0.67","0.00","0.00","-21.23","-21.23"
150,1,"0.00","0.00","0.00","9.69","1.00","12.59","0.00","4.00","0.00","-44.21","-44.21"
151,1,"0.00","0.00","0.86","13.25","0.14","1.99","0.18","2.00","0.00","-14.95","-14.34"
152,1,"1.21","0.78","0.96","889.12","0.04","14.64","0.00","2.00","0.00","-34.35","-27.37"
153,1,"2.32","0.00","0.95","30.10","0.05","0.90","0.34","1.00","0.00","-17.55","-16.94"
154,1,"0.00","0.00","0.00","3.58","1.00","3.64","0.08","3.00","0.00","-25.39","-25.39"
155,1,"0.00","0.00","0.49","10.25","0.51","4.23","0.06","3.00","0.00","-35.86","-35.28"
156,1,"0.00","0.00","1.00","0.00","0.00","0.00","1.00","0.00","0.00","0.00","0.00"
157,1,"0.00","0.00","1.00","0.00","0.00","0.00","1.00","0.00","0.00","0.00","0.00"
158,1,"0.00","0.00","0.00","0.92","1.00","1.20","0.28","2.00","0.00","-10.29","-10.29"
159,1,"0.00","0.00","0.01","3.43","0.99","4.63","0.05","0.00","0.00","-24.62","-24.62"
160,1,"0.00","0.00","0.44","8.75","0.56","5.22","0.03","6.00","0.00","-31.84","-31.46"
161,1,"0.00","0.00","0.00","0.97","1.00","1.33","0.26","2.00","0.00","-14.59","-14.59"
162,1,"0.00","0.00","0.00","1.29","1.00","0.98","0.32","3.00","0.00","-20.41","-20.41"
163,1,"6.70","1.19","1.00","14.98","0.00","0.00","0.67","0.00","0.00","-31.27","-31.27"
164,1,"3.16","3.16","0.51","27.29","0.49","4.11","0.06","0.00","0.00","-66.46","-66.00"
165,1,"4.63","1.98","1.00","6.94","0.00","0.00","0.67","0.00","0.00","-26.13","-26.13"
166,1,"0.86","0.07","0.00","5.20","1.00","4.26","0.06","1.00","0.00","-38.51","-38.51"
167,1,"1.26","0.05","0.00","1.63","1.00","0.02","0.62","0.00","0.00","-24.81","-24.82"
168,1,"2.17","0.18","0.00","5.06","1.00","0.68","0.38","0.00","0.00","-42.46","-42.46"
169,1,"0.00","0.00","0.91","2891.25","0.09","6.51","0.02","1.00","0.00","-14.29","-11.07"
170,1,"0.00","0.00","0.78","25.57","0.22","3.89","0.07","2.00","0.00","-25.32","-24.16"
171,1,"0.00","0.00","1.00","0.00","0.00","0.00","1.00","0.00","0.00","0.00","0.00"
172,1,"0.00","0.00","1.00","0.00","0.00","0.00","1.00","0.00","0.00","0.00","0.00"
173,1,"1.54","0.00","1.00","2.32","0.00","0.00","0.67","0.00","0.00","-7.59","-7.59"
